{
  "RevolvingUtilizationOfUnsecuredLines": 1.0630335274999967,
  "MonthlyIncome": 25000.0,
  "DebtRatio": 3.33535714831997,
  "NumberOfOpenCreditLinesAndLoans": 25.0,
  "NumberRealEstateLoansOrLines": 5.0,
  "NumberOfDependents": 4.0,
  "age": 86.42999999999302
}